,phrase,label,sentiment,subjectivity,language,count
California,,,,,,
Lake Tahoe,,,,,,
Italy,,,,,,
Nepal,,,,,,
Alps,,,,,,
Austria,,,,,,
Philippines,,,,,,
Colorado,,,,,,
Northern California,,,,,,
US,,,,,,
Utah,,,,,,
Washington,,,,,,
Alaska,,,,,,
South Tyrol,,,,,,
Switzerland,,,,,,
Truckee,,,,,,
U.S.,,,,,,
B.C.,,,,,,
Sierra Nevada,,,,,,
Tahoe,,,,,,
France,,,,,,
Mount Yalung Ri,,,,,,
ROME,,,,,,
Salzburg,,,,,,
Castle Peak,,,,,,
Canada,,,,,,
Juneau,,,,,,
SAN FRANCISCO,,,,,,
Nevada County,,,,,,
Europe,,,,,,
Kathmandu,,,,,,
Mammoth Mountain,,,,,,
alps,,,,,,
Russia,,,,,,
Calif.,,,,,,
Ontario,,,,,,
Wyoming,,,,,,
Greece,,,,,,
Uttarakhand,,,,,,
Iran,,,,,,
La Plagne,,,,,,
the Gastein Valley,,,,,,
Massachusetts,,,,,,
Minneapolis,,,,,,
the United States,,,,,,
Southern California,,,,,,
Germany,,,,,,
TRUCKEE,,,,,,
Kashmir,,,,,,
avalanch,,,,,,
Sierras,,,,,,
Minnesota,,,,,,
Himalayas,,,,,,
Marin,,,,,,
Oregon,,,,,,
Florida,,,,,,
Toronto,,,,,,
UK,,,,,,
Rochester,,,,,,
Dolkha,,,,,,
United States,,,,,,
Alpine,,,,,,
New York City,,,,,,
New York,,,,,,
PARIS,,,,,,
Sea,,,,,,
MANILA,,,,,,
Binaliw,,,,,,
Cebu city,,,,,,
Pakistan,,,,,,
Andorra,,,,,,
Savoie,,,,,,
Rocky Mountain National Park,,,,,,
Everest,,,,,,
Kishtwar,,,,,,
Jammu,,,,,,
Frog Lake,,,,,,
French Alps,,,,,,
Afghanistan,,,,,,
Milan,,,,,,
Northern Ireland,,,,,,
China,,,,,,
Telluride,,,,,,
Britain,,,,,,
LOS ANGELES,,,,,,
Spain,,,,,,
Arctic,,,,,,
India,,,,,,
Scotland,,,,,,
china,,,,,,
Kamchatka Peninsula,,,,,,
Sweden,,,,,,
DENVER,,,,,,
Nagano,,,,,,
America,,,,,,
Finland,,,,,,
Denver,,,,,,
Northern California's,,,,,,
South Coast,,,,,,
Argentina,,,,,,
Badrinath,,,,,,
Chicago,,,,,,
the Rolwaling Valley,,,,,,
Nauders,,,,,,
Caribbean,,,,,,
Ottawa,,,,,,
KATHMANDU,,,,,,
Vietnam,,,,,,
Fernie,,,,,,
Anadolu,,,,,,
Norway,,,,,,
Tyrol,,,,,,
Soda Springs,,,,,,
B.C,,,,,,
Flooding Village,,,,,,
Lake Tahoe's,,,,,,
Sierra Nevada Mountains,,,,,,
North Bend,,,,,,
Hollywood,,,,,,
Kittitas County Sheriff,,,,,,
VIENNA,,,,,,
Dolomite mountains,,,,,,
Paris,,,,,,
Chamoli,,,,,,
Warwan Valley,,,,,,
Yalung Ri Mountain,,,,,,
Rolwaling,,,,,,
Safeback,,,,,,
the Făgăraș Mountains,,,,,,
accor,,,,,,
Val-d'Isere,,,,,,
Boreal Mountain Resort,,,,,,
Chamonix,,,,,,
Fla.,,,,,,
Carolina,,,,,,
WASHINGTON,,,,,,
Trentino Alto Adige,,,,,,
NY,,,,,,
Lombardy,,,,,,
Brighton Ski Resort,,,,,,
Salt Lake City,,,,,,
Yukon,,,,,,
Alta,,,,,,
Houston,,,,,,
London,,,,,,
Telluride Ski Resort,,,,,,
Kentucky,,,,,,
Vernon,,,,,,
South Western Railway,,,,,,
New Jersey,,,,,,
Ukraine,,,,,,
Quebec,,,,,,
Iceland,,,,,,
Ireland,,,,,,
Summit Kingdom,,,,,,
Seahawks,,,,,,
Bay Area,,,,,,
Orlando,,,,,,
Mississippi,,,,,,
Detroit,,,,,,
Anaheim,,,,,,
Hong Kong,,,,,,
CAM,,,,,,
Australia,,,,,,
Asia,,,,,,
Wisconsin,,,,,,
Syracuse,,,,,,
the Vardousia Mountains,,,,,,
The United States,,,,,,
Khabarhub,,,,,,
Türkiye,,,,,,
Vancouver Island,,,,,,
Gaza,,,,,,
Venezuela,,,,,,
Skåne,,,,,,
San Diego,,,,,,
Mountain Village,,,,,,
Himachal,,,,,,
Long Island,,,,,,
TORONTO,,,,,,
MADRID,,,,,,
Los Angeles,,,,,,
KANSAS CITY,,,,,,
Mo.,,,,,,
Purdue,,,,,,
Lake Superior,,,,,,
Texas,,,,,,
Rhode Island,,,,,,
Shimla,,,,,,
Montana,,,,,,
the Great Lakes,,,,,,
Québec,,,,,,
Nevada County Sheriff,,,,,,
Mill Valley,,,,,,
Swiss Alps,,,,,,
Slope,,,,,,
Northeast,,,,,,
East,,,,,,
Prince George,,,,,,
Eastern Ontario,,,,,,
Helsinki,,,,,,
Heavenly Mountain Resort,,,,,,
ROCHESTER,,,,,,
US Gulf,,,,,,
Metro Vancouver,,,,,,
Indiana,,,,,,
Salt Lake County,,,,,,
BUENOS AIRES,,,,,,
Buenos Aires,,,,,,
Longyearbyen,,,,,,
St. Vincent,,,,,,
Grenadines,,,,,,
TAMPA,,,,,,
Philadelphia,,,,,,
the Cascade Mountains,,,,,,
ECHL,,,,,,
Arizona,,,,,,
uninhabited island,,,,,,
the Gulf of Finland,,,,,,
Tennessee,,,,,,
Netherlands,,,,,,
Dallas,,,,,,
"Middle East
",,,,,,
Mattighofen,,,,,,
CHICAGO,,,,,,
the Mile High City,,,,,,
Indore,,,,,,
Alberta,,,,,,
the Carolina Hurricanes,,,,,,
New York Rangers,,,,,,
the Kaçkar Mountains,,,,,,
Earth,,,,,,
stablecoin,,,,,,
Japan,,,,,,
Annapurna Rural Municipality-4,,,,,,
Glacier National Park,,,,,,
Narchyang,,,,,,
Kuber,,,,,,
Rudraprayag,,,,,,
Warwan valley,,,,,,
Tallaght Stadium,,,,,,
PANAMA CITY,,,,,,
Budapest Summit,,,,,,
Pradesh,,,,,,
KANATA,,,,,,
Kinnaur,,,,,,
Kaçkar Mountains,,,,,,
Uttarkashi,,,,,,
Rockies,,,,,,
Himachal Pradesh,,,,,,
Louvre,,,,,,
Kullu,,,,,,
Quartzsite,,,,,,
Milei,,,,,,
New Zealand 's,,,,,,
Banff,,,,,,
GENEVA,,,,,,
Whistler Blackcomb,,,,,,
Loetschental,,,,,,
Canton Valais,,,,,,
the Lötschental valley,,,,,,
southeast road,,,,,,
Arai Mountain Resort,,,,,,
Colton,,,,,,
Italys Dolomite,,,,,,
Mount Elbrus,,,,,,
Pongau,,,,,,
Niseko United,,,,,,
South Korea,,,,,,
Tujetsch,,,,,,
ISLAMABAD,,,,,,
Pusterwald,,,,,,
Murtal,,,,,,
Styria,,,,,,
Greenland,,,,,,
Denmark,,,,,,
Ovronnaz,,,,,,
Cairn,,,,,,
Valais,,,,,,
Six Noir,,,,,,
Dublin,,,,,,
Lake Louise,,,,,,
Philly,,,,,,
srinagar,,,,,,
Val d'Isere,,,,,,
Haven,,,,,,
North Face of Mount Everest,,,,,,
Salt,,,,,,
Linz,,,,,,
Vienna,,,,,,
SPRINGS,,,,,,
Rib Mountain,,,,,,
Sierra Mountains,,,,,,
Wasatch,,,,,,
San Franc,,,,,,
the Lake Tahoe,,,,,,
Mount Eve…,,,,,,
Norther California's,,,,,,
Mount Everest,,,,,,
North America's,,,,,,
the Boreal Mountain Ski Resort,,,,,,
the Frog Lake,,,,,,
Great Lakes,,,,,,
Zermatt,,,,,,
Whistler,,,,,,
Jusant,,,,,,
the Bay Area,,,,,,
St. Elias Mountains,,,,,,
the St. Elias Mountains,,,,,,
Hebei,,,,,,
North America,,,,,,
Wasatch County,,,,,,
Snake Creek,,,,,,
Donner Summit,,,,,,
New Zealand,,,,,,
the North Pole,,,,,,
Backc,,,,,,
MASS,,,,,,
Larkspur,,,,,,
Idaho,,,,,,
Boise,,,,,,
Mt.,,,,,,
Californias,,,,,,
NEVADA CITY,,,,,,
Nevada,,,,,,
Lake Taho,,,,,,
Ellis Park,,,,,,
Teton County,,,,,,
the Northern Hemisphere,,,,,,
the Kanchenjunga river,,,,,,
Saint-Veran,,,,,,
quanto,,,,,,
sette giorni,,,,,,
AIRES,,,,,,
Johannesburg,,,,,,
eastern Donbas region,,,,,,
Motown,,,,,,
Solda,,,,,,
the West Indies,,,,,,
Weezer,,,,,,
MONTREAL,,,,,,
Kananaskis Country,,,,,,
jersey,,,,,,
Valtellina,,,,,,
San Antonio,,,,,,
CALIF,,,,,,
Livigno,,,,,,
Geneva,,,,,,
Boreal Mountain Ski Resort,,,,,,
Pawtucket,,,,,,
Samaritan,,,,,,
Cali,,,,,,
Courmayeur,,,,,,
"the Plains
",,,,,,
Odisha,,,,,,
NEW YORK,,,,,,
New Yorks,,,,,,
Kanchenjunga river,,,,,,
Mont Blanc massif,,,,,,
Chamoli district,,,,,,
Leggi PARIS,,,,,,
French Alpine,,,,,,
Squamish,,,,,,
Las Vegas,,,,,,
Mt,,,,,,
Coast,,,,,,
Belem,,,,,,
Brazil,,,,,,
San Bernardino Coun,,,,,,
Wrightwood,,,,,,
Edmonton,,,,,,
N.J.,,,,,,
Trenton,,,,,,
Baylor,,,,,,
Algeria,,,,,,
Winnipeg Jets,,,,,,
the Winnipeg Jets,,,,,,
Icelandic,,,,,,
Ont.,,,,,,
petro,,,,,,
Snapscope,,,,,,
turkey,,,,,,
Israel,,,,,,
colonizat,,,,,,
Green Bay,,,,,,
Vardousia Mountains,,,,,,
Zhangjiakou,,,,,,
Dez Basin,,,,,,
Allt,,,,,,
Girdwood,,,,,,
the Gulf Coast,,,,,,
the Deep South,,,,,,
the Sea to Sky region,,,,,,
Navarre,,,,,,
Jasper,,,,,,
the Vardousia Mountains inFokida,,,,,,
NJ,,,,,,
the San Francisco Bay Area,,,,,,
East Coast,,,,,,
Altadena,,,,,,
CALIFORNIA,,,,,,
Alta.,,,,,,
Nashville,,,,,,
Michigan,,,,,,
Pennsylvania,,,,,,
Minnesota Wild,,,,,,
NASHVILLE,,,,,,
Midwest,,,,,,
New York City Facing Snowy Commute,,,,,,
the Atlantic Ocean,,,,,,
the South Atlantic,,,,,,
Minn.,,,,,,
PAUL,,,,,,
Turkey,,,,,,
Northern,,,,,,
New Jersey Devils,,,,,,
Southern Europe,,,,,,
New Zealand's,,,,,,
Northern Norway,,,,,,
Sápmi,,,,,,
the Finnmark Plateau,,,,,,
Indigenous Sámi,,,,,,
beginni,,,,,,
Albania,,,,,,
Queensland,,,,,,
Colorados Park,,,,,,
Fraser Valley,,,,,,
British Columbia,,,,,,
the Nooksack River,,,,,,
the Fraser Valley,,,,,,
West Pine,,,,,,
Chetwynd,,,,,,
Salahuddin,,,,,,
Park,,,,,,
Accursed Mountains,,,,,,
N.Y.,,,,,,
Americas,,,,,,
Kyiv,,,,,,
Montenegro,,,,,,
Kosovo,,,,,,
Gabelhorn,,,,,,
the Accursed Mountains,,,,,,
Erie,,,,,,
the Great Lakes region,,,,,,
the Pyrenees Mountains,,,,,,
Vineland,,,,,,
Philppines,,,,,,
The City and Borough of Juneau,,,,,,
Cebu,,,,,,
JPYC,,,,,,
Svalbard,,,,,,
Pacific(APAC,,,,,,
Bina,,,,,,
Québec City,,,,,,
Us,,,,,,
Nev,,,,,,
Bend,,,,,,
climbe,,,,,,
New York Islanders,,,,,,
Ortler,,,,,,
Madrid,,,,,,
Hamburg,,,,,,
Stablecoin,,,,,,
INDORE,,,,,,
The Czech Republic,,,,,,
Sparta,,,,,,
the LaBarge Creek,,,,,,
Barcelona,,,,,,
Winter Backpacking Packs,,,,,,
Western,,,,,,
Okanogan,,,,,,
Bitcoin,,,,,,
Kittitas County,,,,,,
Prague,,,,,,
Marble,,,,,,
Atlantic,,,,,,
Snowmass,,,,,,
Treasury Mountain,,,,,,
Cebu City,,,,,,
the Elk Mountains,,,,,,
Anekal,,,,,,
Bommasandra,,,,,,
Vegas,,,,,,
Ita,,,,,,
North Carolina,,,,,,
Nepals,,,,,,
Monaghan,,,,,,
Donegal,,,,,,
Cavan,,,,,,
Bâlea Lac,,,,,,
Rolwaling Valley,,,,,,
ISTANBUL,,,,,,
The City and Borough of Juneau Docks,,,,,,
the Rocky Mountains,,,,,,
Louth,,,,,,
Derry,,,,,,
Armagh,,,,,,
Antrim,,,,,,
the Allt Backpack,,,,,,
Santas,,,,,,
Terrace,,,,,,
Phoenix,,,,,,
Connacht,,,,,,
Munster,,,,,,
Dolakha,,,,,,
Vancouver,,,,,,
Yalung Ri,,,,,,
Gaurishankar Rural,,,,,,
Dolakha district,,,,,,
Coloradonlooks,,,,,,
Oswego County,,,,,,
B.C.s South Coast,,,,,,
North Shore,,,,,,
Mount Yalung,,,,,,
Weather Juneau,,,,,,
Raleigh,,,,,,
Belfast,,,,,,
Aboyne,,,,,,
Kinross,,,,,,
Perth,,,,,,
Highland,,,,,,
the north east,,,,,,
Buffalo,,,,,,
