,phrase,label,sentiment,subjectivity,language,count,gnd,geonames,geotype,latitude,longitude,continent,country,ipcc
Nepal,Nepal,GPE,-0.16326567,0.16680912,en,39.00000000,4041612-4,1282988,A,28.00000000,84.00000000,ASIA,Nepal,TIB
Italy,Italy,GPE,-0.00573269,0.09129300,en,31.70000000,4027833-5,3175395,A,42.83333000,12.83333000,EUROPE-AFRICA,Italy,MED
Alps,Alps,GPE,-0.04885798,0.16372248,en,21.70000000,,2661786,T,46.41667000,10.00000000,EUROPE,Switzerland,WCE
Philippines,Philippines,GPE,-0.20028588,0.26478345,en,21.20000000,4045771-0,1694008,A,13.40882000,122.56155000,ASIA,Philippines,SEA
Colorado,Colorado,GPE,0.13953888,0.78150589,en,16.90000000,4010406-0,5417618,A,39.00027000,-105.50083000,NORTH-AMERICA,United States,WNA
Austria,Austria,GPE,-0.15303030,0.15286195,en,16.50000000,4043271-3,2782113,A,47.33333000,13.33333000,EUROPE,Austria,WCE
California,California,GPE,0.01033572,0.50487389,en,16.30000000,,11071615,L,34.68743000,-116.78467000,NORTH-AMERICA,United States,WNA
Washington,Washington,GPE,-0.13205128,0.24294872,en,13.00000000,4064682-8,4140963,P,38.89511000,-77.03637000,NORTH-AMERICA,United States,ENA
Alaska,Alaska,GPE,-0.08846438,0.51064046,en,12.90000000,4001016-8,5879092,A,64.00028000,-150.00028000,NORTH-AMERICA,United States,NWN
South Tyrol,South Tyrol,GPE,-0.00582682,0.09397786,en,12.80000000,4007901-6,3181913,P,46.49067000,11.33982000,EUROPE,Italy,WCE
Switzerland,Switzerland,GPE,0.01916667,0.29166667,en,10.00000000,,2658434,A,47.00016000,8.01427000,EUROPE,Switzerland,WCE
Mount Yalung Ri,Mount Yalung Ri,LOC,-0.22111742,0.20217803,en,8.80000000,,0,,,,,,
ROME,ROME,GPE,0.00921569,0.14274510,en,8.50000000,4050471-2,3169070,P,41.89193000,12.51133000,EUROPE-AFRICA,Italy,MED
B.C.,B.C.,GPE,-0.03846154,0.60737179,en,7.80000000,,7315164,P,32.71904000,-114.66005000,CENTRAL-AMERICA,United States,NCA
Salzburg,Salzburg,GPE,-0.14414414,0.00000000,en,7.40000000,4076982-3,2766824,P,47.79941000,13.04399000,EUROPE,Austria,WCE
Juneau,Juneau,GPE,0.03128406,0.71282871,en,6.70000000,4198801-2,5554072,P,58.30194000,-134.41972000,NORTH-AMERICA,United States,NWN
Kathmandu,Kathmandu,GPE,-0.20277778,0.38194444,en,6.00000000,4030036-5,1283240,P,27.70169000,85.32060000,ASIA,Nepal,TIB
Canada,Canada,GPE,-0.02127847,0.97008673,en,5.70000000,4029456-0,6251999,A,60.10867000,-113.64258000,NORTH-AMERICA,Canada,NWN
Europe,Europe,LOC,0.23076923,0.88461538,en,5.20000000,,12217848,L,50.28762000,15.19030000,EUROPE,Czechia,WCE
France,France,GPE,-0.07472222,0.10972222,en,5.00000000,4018145-5,3017382,A,46.00000000,2.00000000,EUROPE,France,WCE
Greece,Greece,GPE,0.00496032,0.51215278,en,4.80000000,4022047-3,390903,A,39.00000000,22.00000000,EUROPE-AFRICA,Greece,MED
US,US,GPE,-0.03334431,0.48398112,en,4.60000000,,12217089,L,8.62000000,-170.11000000,PACIFIC,,NPO
Wyoming,Wyoming,GPE,-0.06785714,0.11587302,en,4.20000000,4067130-6,5843591,A,43.00024000,-107.50090000,NORTH-AMERICA,United States,WNA
alps,alps,GPE,-0.08900227,0.13775510,en,4.20000000,,2661786,T,46.41667000,10.00000000,EUROPE,Switzerland,WCE
the Gastein Valley,the Gastein Valley,LOC,-0.22222222,0.00000000,en,4.20000000,,0,,,,,,
La Plagne,La Plagne,GPE,-0.03968254,0.15873016,en,4.20000000,4536802-8,6690630,P,47.18831000,7.28706000,EUROPE,Switzerland,WCE
Mammoth Mountain,Mammoth Mountain,LOC,0.10515873,0.22619048,en,4.20000000,,5831487,P,44.97660000,-110.70160000,NORTH-AMERICA,United States,WNA
Ontario,Ontario,GPE,0.06896374,0.79456169,en,4.00000000,4122012-2,6094817,P,45.41117000,-75.69812000,NORTH-AMERICA,Canada,ENA
the United States,the United States,GPE,0.33411033,1.34518260,en,3.90000000,,6255150,L,-14.60485000,-57.65625000,SOUTH-AMERICA,Brazil,SAM
Germany,Germany,GPE,0.38006757,0.59459459,en,3.70000000,4011882-4,2921044,A,51.50000000,10.50000000,EUROPE,Germany,WCE
Southern California,Southern California,LOC,0.25080438,1.03706564,en,3.70000000,,11071615,L,34.68743000,-116.78467000,NORTH-AMERICA,United States,WNA
Iran,Iran,GPE,0.29523810,0.42857143,en,3.50000000,4027653-3,130758,A,32.00000000,53.00000000,ASIA,Iran,WCA
Minnesota,Minnesota,GPE,0.70098039,0.72794118,en,3.40000000,4101012-7,5037779,A,46.25024000,-94.25055000,NORTH-AMERICA,United States,CNA
Himalayas,Himalayas,GPE,-0.14192344,0.50163399,en,3.40000000,,1252558,T,28.00000000,84.00000000,ASIA,Nepal,TIB
Minneapolis,Minneapolis,GPE,0.26292883,0.34536610,en,3.10000000,4039497-9,5037649,P,44.97997000,-93.26384000,NORTH-AMERICA,United States,CNA
Florida,Florida,GPE,-0.17218294,1.11725028,en,3.00000000,4017585-6,12217087,L,26.50000000,-81.00000000,NORTH-AMERICA,United States,ENA
Russia,Russia,GPE,0.09822362,0.55538140,en,2.90000000,4076899-5,2017370,A,60.00000000,100.00000000,ASIA,Russia,ESB
Dolkha,Dolkha,LOC,-0.13392857,0.40178571,en,2.80000000,4554187-5,12095469,A,27.82413000,86.22166000,ASIA,Nepal,TIB
New York City,New York City,GPE,-0.18055556,1.74814815,en,2.70000000,4042011-5,5128581,P,40.71427000,-74.00597000,NORTH-AMERICA,United States,ENA
Andorra,Andorra,GPE,-0.19230769,0.28846154,en,2.60000000,4001937-8,3041565,A,42.55000000,1.58333000,EUROPE-AFRICA,Andorra,MED
Sea,Sea,LOC,-0.38461538,0.61538462,en,2.60000000,,10922499,L,41.25206000,36.96073000,EUROPE-AFRICA,Turkey,MED
Rocky Mountain National Park,Rocky Mountain National Park,LOC,0.00000000,0.00000000,en,2.60000000,4445595-1,5581493,L,40.34281000,-105.68364000,NORTH-AMERICA,United States,WNA
Nevada County,Nevada County,GPE,-0.03846154,0.19230769,en,2.60000000,,5505411,P,36.03970000,-114.98194000,NORTH-AMERICA,United States,WNA
Truckee,Truckee,GPE,0.05769231,0.46153846,en,2.60000000,,5403683,S,39.31991000,-120.14047000,NORTH-AMERICA,United States,WNA
Binaliw,Binaliw,GPE,0.05128205,0.34294872,en,2.60000000,,11834729,A,13.68891000,123.26040000,ASIA,Philippines,SEA
Cebu city,Cebu city,GPE,-0.17307692,0.13461538,en,2.60000000,,1717512,P,10.31672000,123.89071000,ASIA,Philippines,SEA
Oregon,Oregon,GPE,0.12087912,0.33791209,en,2.60000000,4043760-7,5744337,A,44.00013000,-120.50139000,NORTH-AMERICA,United States,WNA
U.S.,U.S.,GPE,-0.04106773,1.51416408,en,2.60000000,,6255150,L,-14.60485000,-57.65625000,SOUTH-AMERICA,Brazil,SAM
MANILA,MANILA,GPE,-0.11398601,0.19825175,en,2.60000000,4037344-7,1701668,P,14.60420000,120.98220000,ASIA,Philippines,SEA
Telluride,Telluride,GPE,0.08222222,0.60444444,en,2.50000000,,5441213,S,37.95360000,-107.90895000,NORTH-AMERICA,United States,WNA
Northern Ireland,Northern Ireland,GPE,0.36727273,0.65090909,en,2.50000000,4027667-3,2963597,A,53.00000000,-8.00000000,EUROPE,Ireland,NEU
Britain,Britain,GPE,0.12000000,0.36000000,en,2.50000000,4321693-6,4839292,P,41.66121000,-72.77954000,NORTH-AMERICA,United States,ENA
China,China,GPE,0.02747475,1.17843434,en,2.50000000,4009937-4,1814991,A,35.00000000,105.00000000,ASIA,China,EAS
Spain,Spain,GPE,-0.00694444,0.56250000,en,2.40000000,4055964-6,2510769,A,40.00000000,-4.00000000,EUROPE-AFRICA,Spain,MED
Scotland,Scotland,GPE,0.03030303,0.58712121,en,2.40000000,4053233-1,5057190,A,40.45260000,-92.14705000,NORTH-AMERICA,United States,CNA
Nagano,Nagano,GPE,0.00000000,1.30434783,en,2.30000000,4310172-0,1856215,P,36.65000000,138.18333000,ASIA,Japan,EAS
America,America,GPE,0.00000000,0.30303030,en,2.20000000,10107251-X,6255150,L,-14.60485000,-57.65625000,SOUTH-AMERICA,Brazil,SAM
Arctic,Arctic,LOC,-0.15909091,0.98484848,en,2.20000000,4002924-4,2960860,H,85.00000000,0.00000000,ARCTIC,,ARO
Finland,Finland,GPE,0.20018365,0.81946740,en,2.20000000,4017243-0,660013,A,64.00000000,26.00000000,EUROPE,Finland,NEU
Milan,Milan,GPE,0.28571429,0.90476190,en,2.10000000,4037100-1,3173435,P,45.46427000,9.18951000,EUROPE,Italy,WCE
New York,New York,GPE,0.24991411,1.03095582,en,2.10000000,4042011-5,5128581,P,40.71427000,-74.00597000,NORTH-AMERICA,United States,ENA
Denver,Denver,GPE,0.64696970,0.96212121,en,2.00000000,4085412-7,5419384,P,39.73915000,-104.98470000,NORTH-AMERICA,United States,CNA
Argentina,Argentina,GPE,0.49342105,0.69078947,en,1.90000000,4002890-2,3865483,A,-34.00000000,-64.00000000,SOUTH-AMERICA,Argentina,SES
India,India,GPE,-0.17335004,0.79302423,en,1.90000000,4026722-2,1269750,A,22.00000000,79.00000000,ASIA,India,SAS
LOS ANGELES,LOS ANGELES,GPE,0.51578947,0.98947368,en,1.90000000,4036361-2,5368361,P,34.05223000,-118.24368000,NORTH-AMERICA,United States,WNA
DENVER,DENVER,GPE,-0.11842105,0.83333333,en,1.90000000,4085412-7,5419384,P,39.73915000,-104.98470000,NORTH-AMERICA,United States,CNA
Caribbean,Caribbean,LOC,0.63157895,0.68421053,en,1.90000000,,7729891,L,20.38583000,-72.33398000,CENTRAL-AMERICA,,CAR
KATHMANDU,KATHMANDU,GPE,-0.15570175,0.12061404,en,1.90000000,4030036-5,1283240,P,27.70169000,85.32060000,ASIA,Nepal,TIB
the Rolwaling Valley,the Rolwaling Valley,LOC,-0.21052632,0.05263158,en,1.90000000,,0,,,,,,
North Bend,North Bend,GPE,-0.02777778,0.22222222,en,1.80000000,4118740-4,4926563,P,41.68338000,-86.25001000,NORTH-AMERICA,United States,ENA
French Alps,French Alps,GPE,-0.03703704,0.00000000,en,1.80000000,,2983390,L,43.23320000,6.59180000,EUROPE-AFRICA,France,MED
Rolwaling,Rolwaling,GPE,-0.37500000,0.64814815,en,1.80000000,,1283400,T,27.95680000,86.33692000,ASIA,China,TIB
Yalung Ri Mountain,Yalung Ri Mountain,LOC,-0.37500000,0.64814815,en,1.80000000,,0,,,,,,
the Făgăraș Mountains,the Făgăraș Mountains,LOC,0.23809524,0.47619048,en,1.80000000,,0,,,,,,
Val-d'Isere,Val-d'Isere,GPE,-0.01620370,0.07638889,en,1.80000000,,2971074,P,45.45142000,6.97455000,EUROPE,France,WCE
Kittitas County Sheriff,Kittitas County Sheriff,GPE,0.05555556,0.22222222,en,1.80000000,,8497028,S,46.99689000,-120.54941000,NORTH-AMERICA,United States,WNA
PARIS,PARIS,GPE,-0.01620370,0.07638889,en,1.80000000,4044660-8,2988507,P,48.85341000,2.34880000,EUROPE,France,WCE
Dolomite mountains,Dolomite mountains,LOC,-0.09523810,0.16666667,en,1.80000000,,3177545,T,46.38333000,11.85000000,EUROPE,Italy,WCE
Savoie,Savoie,GPE,-0.01620370,0.07638889,en,1.80000000,117150-1,2975517,A,45.46805000,6.48547000,EUROPE,France,WCE
Hollywood,Hollywood,GPE,0.25000000,0.68055556,en,1.80000000,4408912-0,4158928,P,26.01120000,-80.14949000,NORTH-AMERICA,United States,ENA
Vietnam,Vietnam,GPE,-0.22361111,0.62361111,en,1.80000000,4063514-4,1562822,A,16.16667000,107.83333000,ASIA,Vietnam,SEA
WASHINGTON,WASHINGTON,GPE,-0.12058824,1.46666667,en,1.70000000,4064682-8,4140963,P,38.89511000,-77.03637000,NORTH-AMERICA,United States,ENA
NY,NY,GPE,-0.19875223,1.10873440,en,1.70000000,,3042198,P,54.22209000,-4.69099000,EUROPE,Isle of Man,NEU
Chicago,Chicago,GPE,-0.29204545,1.18484848,en,1.60000000,4009921-0,4887398,P,41.85003000,-87.65005000,NORTH-AMERICA,United States,ENA
Summit Kingdom,Summit Kingdom,GPE,0.18750000,0.73750000,en,1.60000000,,6495325,S,18.04950000,-63.11850000,CENTRAL-AMERICA,Sint Maarten,CAR
Kentucky,Kentucky,GPE,-0.09375000,0.55208333,en,1.60000000,4097823-0,6254925,A,38.20042000,-84.87762000,NORTH-AMERICA,United States,ENA
Orlando,Orlando,GPE,0.79909091,1.13613636,en,1.60000000,4119965-0,4167147,P,28.53834000,-81.37924000,NORTH-AMERICA,United States,ENA
Norway,Norway,GPE,0.25000000,0.25000000,en,1.60000000,4042640-3,3144096,A,62.00000000,10.00000000,EUROPE,Norway,NEU
Telluride Ski Resort,Telluride Ski Resort,GPE,-0.00520833,0.34375000,en,1.60000000,,0,,,,,,
Quebec,Quebec,GPE,0.29352679,0.43005952,en,1.60000000,4103473-9,6325494,P,46.81228000,-71.21454000,NORTH-AMERICA,Canada,ENA
Iceland,Iceland,GPE,0.25000000,0.25000000,en,1.60000000,4027754-9,2629691,A,65.00000000,-18.00000000,POLAR,Iceland,GIC
New Jersey,New Jersey,GPE,-0.04053030,0.83035038,en,1.60000000,4442932-0,5099836,P,40.72816000,-74.07764000,NORTH-AMERICA,United States,ENA
Mississippi,Mississippi,GPE,0.02430556,0.59375000,en,1.60000000,4039588-1,4436296,A,32.75041000,-89.75036000,NORTH-AMERICA,United States,ENA
Vernon,Vernon,GPE,-0.40625000,0.84375000,en,1.60000000,7687034-0,5127835,P,40.91260000,-73.83708000,NORTH-AMERICA,United States,ENA
Ireland,Ireland,GPE,0.01562500,0.50000000,en,1.60000000,4027667-3,2963597,A,53.00000000,-8.00000000,EUROPE,Ireland,NEU
South Western Railway,South Western Railway,LOC,0.03819444,0.40972222,en,1.60000000,,12011997,A,10.71298000,122.57339000,ASIA,Philippines,SEA
Carolina,Carolina,GPE,-0.45312500,0.87500000,en,1.60000000,,4563243,P,18.38078000,-65.95739000,CENTRAL-AMERICA,Puerto Rico,CAR
Fla.,Fla.,GPE,0.08630952,1.40662202,en,1.60000000,,6453361,A,60.42910000,9.46611000,EUROPE,Norway,NEU
Hong Kong,Hong Kong,GPE,0.61111111,0.71111111,en,1.50000000,1318138531,1819729,P,22.27832000,114.17469000,ASIA,Hong Kong,EAS
CAM,CAM,GPE,0.52116402,0.64708995,en,1.50000000,,7732862,S,11.99806000,109.21944000,ASIA,Vietnam,SEA
the Vardousia Mountains,the Vardousia Mountains,LOC,0.11904762,0.63492063,en,1.40000000,,0,,,,,,
Khabarhub,Khabarhub,GPE,0.34672619,0.71428571,en,1.40000000,,0,,,,,,
Syracuse,Syracuse,GPE,-0.17857143,1.14285714,en,1.40000000,4205703-6,5140405,P,43.04812000,-76.14742000,NORTH-AMERICA,United States,ENA
Utah,Utah,GPE,0.08928571,0.24404762,en,1.40000000,4062214-9,5549030,A,39.25024000,-111.75103000,NORTH-AMERICA,United States,WNA
The United States,The United States,GPE,-0.14000000,0.84000000,en,1.40000000,,6255150,L,-14.60485000,-57.65625000,SOUTH-AMERICA,Brazil,SAM
KANSAS CITY,KANSAS CITY,GPE,0.00000000,0.00000000,en,1.30000000,4109999-0,4393217,P,39.09973000,-94.57857000,NORTH-AMERICA,United States,CNA
US Gulf,US Gulf,LOC,-0.08391608,1.05361305,en,1.30000000,,12212749,L,30.33140000,-89.73221000,NORTH-AMERICA,United States,ENA
Swiss Alps,Swiss Alps,GPE,-0.15384615,0.19230769,en,1.30000000,,2661549,T,46.41667000,7.75000000,EUROPE,Switzerland,WCE
San Diego,San Diego,GPE,0.30769231,0.53846154,en,1.30000000,4269521-1,5391811,P,32.71571000,-117.16472000,CENTRAL-AMERICA,United States,NCA
East,East,LOC,-0.10139860,0.55944056,en,1.30000000,,12212303,L,37.02332000,-77.36954000,NORTH-AMERICA,United States,ENA
Eastern Ontario,Eastern Ontario,LOC,0.40537241,0.66910867,en,1.30000000,,5744166,P,44.02655000,-116.96294000,NORTH-AMERICA,United States,WNA
Gaza,Gaza,GPE,0.00000000,0.00000000,en,1.30000000,4092680-1,281133,P,31.50161000,34.46672000,EUROPE-AFRICA,Palestinian Territory,MED
Purdue,Purdue,GPE,-0.11538462,0.67948718,en,1.30000000,,4924709,S,40.41226000,-86.93668000,NORTH-AMERICA,United States,ENA
Venezuela,Venezuela,GPE,-0.46263736,0.98901099,en,1.30000000,4062512-6,3625428,A,8.00000000,-66.00000000,SOUTH-AMERICA,Venezuela,NSA
Helsinki,Helsinki,GPE,0.19230769,0.49679487,en,1.30000000,4024351-5,658225,P,60.16952000,24.93545000,EUROPE,Finland,NEU
Vancouver Island,Vancouver Island,GPE,-0.23076923,0.34615385,en,1.30000000,10356200-X,8630140,L,49.75152000,-126.48958000,NORTH-AMERICA,Canada,WNA
UK,UK,GPE,-0.06118881,0.27680653,en,1.30000000,4022153-2,2635167,A,54.75844000,-2.69531000,EUROPE,United Kingdom,NEU
London,London,GPE,0.14835165,0.22710623,en,1.30000000,4074335-4,2643743,P,51.50853000,-0.12574000,EUROPE,United Kingdom,NEU
TORONTO,TORONTO,GPE,0.26510989,0.40109890,en,1.30000000,4060459-7,6167865,P,43.70643000,-79.39864000,NORTH-AMERICA,Canada,ENA
Northeast,Northeast,LOC,-0.08391608,1.05361305,en,1.30000000,,11887749,L,42.80019000,-74.11805000,NORTH-AMERICA,United States,ENA
Sweden,Sweden,GPE,0.66783217,0.98251748,en,1.30000000,4077258-5,2661886,A,62.00000000,15.00000000,EUROPE,Sweden,NEU
Québec,Québec,GPE,-0.08173077,0.64903846,en,1.30000000,4103473-9,6325494,P,46.81228000,-71.21454000,NORTH-AMERICA,Canada,ENA
Prince George,Prince George,GPE,-0.38141026,0.63141026,en,1.30000000,4529627-3,4349159,P,38.94278000,-76.73028000,NORTH-AMERICA,United States,ENA
Mo.,Mo.,GPE,0.00000000,0.00000000,en,1.30000000,4003217-6,6255147,L,29.84064000,89.29688000,ASIA,China,TIB
Montana,Montana,GPE,0.65384615,0.59615385,en,1.30000000,4262460-5,729114,P,43.41250000,23.22500000,EUROPE-AFRICA,Bulgaria,MED
Mountain Village,Mountain Village,GPE,0.08653846,0.77884615,en,1.30000000,,5869366,P,62.08556000,-163.72944000,NORTH-AMERICA,United States,NWN
Indiana,Indiana,GPE,0.07692308,0.15384615,en,1.30000000,4109219-3,12213487,L,39.74743000,-86.20614000,NORTH-AMERICA,United States,ENA
Slope,Slope,LOC,0.07692308,0.76923077,en,1.30000000,,5870308,A,69.25056000,-152.00056000,NORTH-AMERICA,United States,NWN
Lake Superior,Lake Superior,LOC,0.84615385,1.06730769,en,1.30000000,4075549-6,6048728,H,48.33222000,-87.09861000,NORTH-AMERICA,Canada,ENA
Long Island,Long Island,GPE,0.04248252,0.64289044,en,1.30000000,,3572005,A,23.21667000,-75.11167000,CENTRAL-AMERICA,Bahamas,CAR
MADRID,MADRID,GPE,0.21794872,1.03846154,en,1.30000000,4036862-2,3117735,P,40.41650000,-3.70256000,EUROPE-AFRICA,Spain,MED
the Great Lakes,the Great Lakes,LOC,0.82051282,1.19551282,en,1.30000000,,12212304,L,44.57143000,-84.69022000,NORTH-AMERICA,United States,ENA
South Coast,South Coast,LOC,0.00000000,0.00000000,en,1.30000000,,11497252,L,13.81674000,109.05029000,ASIA,Vietnam,SEA
Metro Vancouver,Metro Vancouver,GPE,-0.23076923,0.34615385,en,1.30000000,4119364-7,6173331,P,49.24966000,-123.11934000,NORTH-AMERICA,Canada,WNA
Texas,Texas,GPE,-0.05769231,0.33974359,en,1.30000000,4059594-8,12217092,L,28.92040000,-98.57720000,CENTRAL-AMERICA,United States,NCA
Buenos Aires,Buenos Aires,GPE,0.00000000,0.00000000,en,1.20000000,4008756-6,3435910,P,-34.61315000,-58.37723000,SOUTH-AMERICA,Argentina,SES
BUENOS AIRES,BUENOS AIRES,GPE,0.00000000,0.00000000,en,1.20000000,4008756-6,3435910,P,-34.61315000,-58.37723000,SOUTH-AMERICA,Argentina,SES
Badrinath,Badrinath,GPE,0.22222222,1.00000000,en,1.20000000,4364513-6,1277960,T,30.73330000,79.28330000,ASIA,India,TIB
Longyearbyen,Longyearbyen,GPE,0.00000000,0.00000000,en,1.20000000,4099794-7,2729907,P,78.22334000,15.64689000,ARCTIC,Svalbard and Jan Mayen,ARO
Mattighofen,Mattighofen,GPE,0.02777778,0.25000000,en,1.20000000,4100657-4,2774401,P,48.03890000,13.11519000,EUROPE,Austria,WCE
the Cascade Mountains,the Cascade Mountains,LOC,0.00000000,0.00000000,en,1.20000000,,5789316,T,46.85289000,-121.76037000,NORTH-AMERICA,United States,WNA
Tennessee,Tennessee,GPE,-0.12500000,0.12500000,en,1.20000000,4119557-7,12217091,L,35.80000000,-86.50000000,NORTH-AMERICA,United States,ENA
ECHL,ECHL,GPE,0.18055556,0.47222222,en,1.20000000,,0,,,,,,
St. Vincent,St. Vincent,GPE,0.37689394,0.82228535,en,1.20000000,2034200-7,498817,P,59.93863000,30.31413000,EUROPE,Russia,NEU
TAMPA,TAMPA,GPE,-0.19047619,0.79216270,en,1.20000000,4122651-3,4174757,P,27.94752000,-82.45843000,NORTH-AMERICA,United States,ENA
Indore,Indore,GPE,0.19907407,0.27314815,en,1.20000000,4368406-3,1269743,P,22.71792000,75.83330000,ASIA,India,SAS
New York Rangers,New York Rangers,GPE,-0.25757576,0.53030303,en,1.20000000,,0,,,,,,
CHICAGO,CHICAGO,GPE,-0.20833333,0.50000000,en,1.20000000,4009921-0,4887398,P,41.85003000,-87.65005000,NORTH-AMERICA,United States,ENA
the Mile High City,the Mile High City,LOC,0.53333333,0.80000000,en,1.20000000,4085412-7,5419384,P,39.73915000,-104.98470000,NORTH-AMERICA,United States,CNA
Australia,Australia,GPE,0.00000000,0.00000000,en,1.20000000,4003900-6,2077456,A,-25.00000000,135.00000000,OCEANIA,Australia,CAU
Toronto,Toronto,GPE,0.12962963,0.93981481,en,1.20000000,4060459-7,6167865,P,43.70643000,-79.39864000,NORTH-AMERICA,Canada,ENA
Arizona,Arizona,GPE,0.10416667,0.37500000,en,1.20000000,4002920-7,5551752,A,34.50030000,-111.50098000,NORTH-AMERICA,United States,WNA
the Carolina Hurricanes,the Carolina Hurricanes,GPE,-0.03472222,0.13194444,en,1.20000000,,0,,,,,,
Grenadines,Grenadines,GPE,0.37689394,0.82228535,en,1.20000000,,3577892,A,12.87810000,-61.18283000,CENTRAL-AMERICA,Saint Vincent and the Grenadines,CAR
the Gulf of Finland,the Gulf of Finland,LOC,0.27866162,1.00138889,en,1.20000000,,0,,,,,,
Netherlands,Netherlands,GPE,0.00000000,0.00000000,en,1.20000000,4042203-3,2750405,A,52.25000000,5.75000000,EUROPE,The Netherlands,NEU
United States,United States,GPE,-0.50000000,0.75000000,en,1.20000000,,6255150,L,-14.60485000,-57.65625000,SOUTH-AMERICA,Brazil,SAM
uninhabited island,uninhabited island,LOC,0.27866162,1.00138889,en,1.20000000,,0,,,,,,
Uttarakhand,Uttarakhand,GPE,0.15151515,0.72727273,en,1.10000000,1358877971,1444366,A,30.25000000,79.25000000,ASIA,India,TIB
Kuber,Kuber,GPE,0.15151515,0.72727273,en,1.10000000,,7839418,A,-29.01137000,134.75189000,OCEANIA,Australia,CAU
Earth,Earth,LOC,0.00000000,0.00000000,en,1.10000000,1135962553,6295630,L,0.00000000,0.00000000,ATLANTIC,,EAO
stablecoin,stablecoin,GPE,0.00000000,0.00000000,en,1.10000000,,0,,,,,,
Asia,Asia,LOC,0.32467532,0.76623377,en,1.10000000,4003217-6,6255147,L,29.84064000,89.29688000,ASIA,China,TIB
Annapurna Rural Municipality-4,Annapurna Rural Municipality-4,GPE,-0.58636364,1.14090909,en,1.10000000,,0,,,,,,
Japan,Japan,GPE,0.37465565,0.22865014,en,1.10000000,4028495-5,1861060,A,35.68536000,139.75309000,ASIA,Japan,EAS
Glacier National Park,Glacier National Park,LOC,0.90909091,0.90909091,en,1.10000000,,5654292,L,48.68306000,-113.80031000,NORTH-AMERICA,United States,WNA
Narchyang,Narchyang,GPE,-0.58636364,1.14090909,en,1.10000000,,7802087,A,28.53652000,83.70201000,ASIA,Nepal,TIB
Highland,Highland,LOC,0.00000000,0.00000000,en,1.00000000,,12503512,A,-4.10171000,138.94367000,ASIA,Indonesia,SEA
the north east,the north east,LOC,0.00000000,0.00000000,en,1.00000000,,12212303,L,37.02332000,-77.36954000,NORTH-AMERICA,United States,ENA
Weather Juneau,Weather Juneau,GPE,-0.00166667,0.44000000,en,1.00000000,,0,,,,,,
Munster,Munster,GPE,0.00000000,0.10000000,en,1.00000000,4090557-3,2965140,P,51.89797000,-8.47061000,EUROPE,Ireland,NEU
Louth,Louth,GPE,0.00000000,0.10000000,en,1.00000000,5175146-X,2964540,P,54.00000000,-6.41667000,EUROPE,Ireland,NEU
The City and Borough of Juneau Docks,The City and Borough of Juneau Docks,GPE,0.00000000,0.00000000,en,1.00000000,,0,,,,,,
Connacht,Connacht,GPE,0.00000000,0.10000000,en,1.00000000,4755231-1,7521313,A,53.87000000,-8.63333000,EUROPE,Ireland,NEU
Monaghan,Monaghan,GPE,0.00000000,0.10000000,en,1.00000000,4660452-2,2962568,P,54.25000000,-6.96667000,EUROPE,Ireland,NEU
Philly,Philly,LOC,0.00000000,0.00000000,en,1.00000000,4103331-0,4560349,P,39.95238000,-75.16362000,NORTH-AMERICA,United States,ENA
Lake Louise,Lake Louise,LOC,0.10000000,0.40000000,en,1.00000000,4266898-0,6048484,H,51.41167000,-116.22806000,NORTH-AMERICA,Canada,NWN
Buffalo,Buffalo,GPE,0.00000000,0.40000000,en,1.00000000,4080569-4,5110629,P,42.88645000,-78.87837000,NORTH-AMERICA,United States,ENA
Erie,Erie,GPE,0.00000000,0.40000000,en,1.00000000,4695406-5,5188843,P,42.12922000,-80.08506000,NORTH-AMERICA,United States,ENA
Pennsylvania,Pennsylvania,GPE,0.00000000,0.40000000,en,1.00000000,4045103-3,12217723,L,40.64575000,-79.91382000,NORTH-AMERICA,United States,ENA
the Great Lakes region,the Great Lakes region,LOC,0.14300144,0.45894661,en,1.00000000,,12212304,L,44.57143000,-84.69022000,NORTH-AMERICA,United States,ENA
North Carolina,North Carolina,GPE,0.00000000,0.00000000,en,1.00000000,4042551-4,4563243,P,18.38078000,-65.95739000,CENTRAL-AMERICA,Puerto Rico,CAR
Phoenix,Phoenix,GPE,0.00000000,0.00000000,en,1.00000000,4119970-4,5308655,P,33.44838000,-112.07404000,CENTRAL-AMERICA,United States,NCA
Terrace,Terrace,GPE,0.00000000,0.80000000,en,1.00000000,,4174969,P,28.03530000,-82.38926000,NORTH-AMERICA,United States,ENA
Santas,Santas,GPE,0.00000000,0.25000000,en,1.00000000,,2743304,P,41.21017000,-8.57599000,EUROPE-AFRICA,Portugal,MED
Antrim,Antrim,GPE,-0.07777778,0.14444444,en,1.00000000,4079799-5,4984284,A,45.00737000,-85.17579000,NORTH-AMERICA,United States,ENA
Armagh,Armagh,GPE,-0.07777778,0.14444444,en,1.00000000,4293636-6,2657060,P,54.35000000,-6.66667000,EUROPE,United Kingdom,NEU
Derry,Derry,GPE,-0.07777778,0.14444444,en,1.00000000,136708-0,2643736,P,54.99810000,-7.30934000,EUROPE,United Kingdom,NEU
the Rocky Mountains,the Rocky Mountains,LOC,-0.26666667,0.53333333,en,1.00000000,,5836950,T,43.35826000,-110.91743000,NORTH-AMERICA,United States,WNA
Anaheim,Anaheim,GPE,0.20000000,0.40000000,en,1.00000000,4216139-3,5323810,P,33.83529000,-117.91450000,NORTH-AMERICA,United States,WNA
Türkiye,Türkiye,GPE,0.17367424,0.63030303,en,1.00000000,4061163-2,298795,A,39.00000000,35.00000000,EUROPE-AFRICA,Turkey,MED
ISTANBUL,ISTANBUL,GPE,0.17367424,0.63030303,en,1.00000000,4088772-8,745044,P,41.01384000,28.94966000,EUROPE-AFRICA,Turkey,MED
accor,accor,GPE,0.17367424,0.63030303,en,1.00000000,,10124586,S,1.24517000,103.82791000,ASIA,Singapore,SEA
Bâlea Lac,Bâlea Lac,GPE,0.21428571,0.42857143,en,1.00000000,,11395371,P,45.60584000,24.61564000,EUROPE,Romania,WCE
Cavan,Cavan,GPE,0.00000000,0.10000000,en,1.00000000,4451192-9,2965535,P,53.99083000,-7.36056000,EUROPE,Ireland,NEU
Donegal,Donegal,GPE,0.00000000,0.10000000,en,1.00000000,4085468-1,7668216,S,55.04413000,-8.34128000,EUROPE,Ireland,NEU
Canton Valais,Canton Valais,GPE,0.00000000,0.00000000,en,1.00000000,4064466-2,2658205,A,46.22925000,7.45972000,EUROPE,Switzerland,WCE
New York Islanders,New York Islanders,GPE,0.13636364,0.45454545,en,1.00000000,,0,,,,,,
Perth,Perth,GPE,0.00000000,0.00000000,en,1.00000000,4232458-0,2063523,P,-31.95224000,115.86140000,OCEANIA,Australia,SAU
Kinross,Kinross,GPE,0.00000000,0.00000000,en,1.00000000,4391199-7,4863563,P,41.46084000,-91.98684000,NORTH-AMERICA,United States,CNA
Las Vegas,Las Vegas,GPE,0.24545455,0.44595960,en,1.00000000,4034659-6,5506956,P,36.17497000,-115.13722000,NORTH-AMERICA,United States,WNA
Us,Us,GPE,0.20000000,0.42500000,en,1.00000000,,12217089,L,8.62000000,-170.11000000,PACIFIC,,NPO
INDORE,INDORE,GPE,0.23888889,0.32777778,en,1.00000000,4368406-3,1269743,P,22.71792000,75.83330000,ASIA,India,SAS
Bommasandra,Bommasandra,GPE,-0.03333333,0.35833333,en,1.00000000,,6695468,P,12.81774000,77.68415000,ASIA,India,SAS
Anekal,Anekal,GPE,-0.03333333,0.35833333,en,1.00000000,,1278609,P,12.71110000,77.69557000,ASIA,India,SAS
Cebu City,Cebu City,GPE,0.10000000,0.45000000,en,1.00000000,4216903-3,1717512,P,10.31672000,123.89071000,ASIA,Philippines,SEA
Murtal,Murtal,LOC,-0.20000000,0.00000000,en,1.00000000,4210288-1,8604685,A,47.16964000,14.66469000,EUROPE,Austria,WCE
Pusterwald,Pusterwald,GPE,-0.20000000,0.00000000,en,1.00000000,4468516-6,2768213,P,47.30611000,14.37556000,EUROPE,Austria,WCE
Tujetsch,Tujetsch,GPE,-0.07857143,0.16428571,en,1.00000000,7612022-3,2659634,P,46.68334000,8.82514000,EUROPE,Switzerland,WCE
GENEVA,GENEVA,GPE,-0.07857143,0.16428571,en,1.00000000,4020137-5,2660646,P,46.20222000,6.14569000,EUROPE,Switzerland,WCE
VIENNA,VIENNA,GPE,-0.10000000,0.00000000,en,1.00000000,,2761369,P,48.20849000,16.37208000,EUROPE,Austria,WCE
Mount Elbrus,Mount Elbrus,LOC,-0.15555556,0.28888889,en,1.00000000,,563532,T,43.35236000,42.43765000,ASIA,Russia,WCA
Italys Dolomite,Italys Dolomite,LOC,-0.07142857,0.30000000,en,1.00000000,,0,,,,,,
Kittitas County,Kittitas County,GPE,0.00000000,0.00000000,en,1.00000000,,5799889,A,47.12417000,-120.67972000,NORTH-AMERICA,United States,WNA
Bitcoin,Bitcoin,GPE,0.13636364,0.45454545,en,1.00000000,,0,,,,,,
Okanogan,Okanogan,GPE,0.20000000,0.50000000,en,1.00000000,,5805553,A,48.54885000,-119.74079000,NORTH-AMERICA,United States,WNA
"Middle East
","Middle East
",LOC,0.03333333,0.10000000,en,1.00000000,,6269133,L,33.13906000,35.85869000,EUROPE-AFRICA,Syria,MED
Colton,Colton,GPE,0.05000000,1.00000000,en,1.00000000,,5338783,P,34.07390000,-117.31365000,NORTH-AMERICA,United States,WNA
Western,Western,LOC,0.00000000,0.00000000,en,1.00000000,,7729897,L,25.83945000,43.24219000,ASIA,Saudi Arabia,ARP
Barcelona,Barcelona,GPE,0.06666667,0.41666667,en,1.00000000,4004503-1,3128760,P,41.38879000,2.15899000,EUROPE-AFRICA,Spain,MED
the LaBarge Creek,the LaBarge Creek,LOC,0.00000000,0.00000000,en,1.00000000,,0,,,,,,
the Pyrenees Mountains,the Pyrenees Mountains,LOC,-0.50000000,0.75000000,en,1.00000000,,3113382,T,42.50000000,2.25000000,EUROPE-AFRICA,France,MED
Squamish,Squamish,GPE,-0.40000000,0.70000000,en,1.00000000,4446318-2,6296029,S,49.78279000,-123.16185000,NORTH-AMERICA,Canada,WNA
southeast road,southeast road,LOC,0.18949495,0.47757576,en,1.00000000,,1735282,P,4.16667000,101.20000000,ASIA,Malaysia,SEA
Whistler Blackcomb,Whistler Blackcomb,GPE,-0.20000000,0.50000000,en,1.00000000,,5902385,L,50.09140000,-122.87353000,NORTH-AMERICA,Canada,NWN
the Lötschental valley,the Lötschental valley,LOC,0.06250000,0.33333333,en,1.00000000,,0,,,,,,
Loetschental,Loetschental,GPE,0.00000000,0.00000000,en,1.00000000,,2659847,T,46.40957000,7.80200000,EUROPE,Switzerland,WCE
Styria,Styria,GPE,-0.20000000,0.00000000,en,1.00000000,4057092-7,2764581,A,47.25000000,15.16667000,EUROPE,Austria,WCE
Cebu,Cebu,LOC,0.13333333,0.31666667,en,1.00000000,4323998-5,1717512,P,10.31672000,123.89071000,ASIA,Philippines,SEA
Ottawa,Ottawa,GPE,0.20000000,0.40000000,en,1.00000000,4122012-2,6094817,P,45.41117000,-75.69812000,NORTH-AMERICA,Canada,ENA
The Czech Republic,The Czech Republic,GPE,0.00000000,0.00000000,en,1.00000000,,6986495,T,28.44912000,56.84917000,ASIA,Iran,WCA
Aboyne,Aboyne,GPE,-0.20000000,0.50000000,en,1.00000000,4084650-7,2657775,P,57.07546000,-2.78023000,EUROPE,United Kingdom,NEU
Belfast,Belfast,GPE,0.31818182,0.47727273,en,1.00000000,4080332-6,2655984,P,54.59682000,-5.92541000,EUROPE,United Kingdom,NEU
Raleigh,Raleigh,GPE,0.26250000,0.25833333,en,1.00000000,4224750-0,4487042,P,35.77210000,-78.63861000,NORTH-AMERICA,United States,ENA
Vancouver,Vancouver,GPE,-0.30000000,0.45000000,en,1.00000000,4119364-7,6173331,P,49.24966000,-123.11934000,NORTH-AMERICA,Canada,WNA
North Shore,North Shore,LOC,-0.30000000,0.45000000,en,1.00000000,16338458-7,5108169,P,40.72510000,-73.24539000,NORTH-AMERICA,United States,ENA
B.C.s South Coast,B.C.s South Coast,LOC,-0.30000000,0.45000000,en,1.00000000,,7235132,P,34.59556000,-87.07917000,NORTH-AMERICA,United States,ENA
Oswego County,Oswego County,GPE,0.00000000,0.00000000,en,1.00000000,,5735724,P,45.42067000,-122.67065000,NORTH-AMERICA,United States,WNA
Coloradonlooks,Coloradonlooks,GPE,0.33333333,0.60000000,en,1.00000000,,0,,,,,,
TRUCKEE,TRUCKEE,GPE,-0.20000000,0.00000000,en,1.00000000,,5403683,S,39.31991000,-120.14047000,NORTH-AMERICA,United States,WNA
Calif.,Calif.,GPE,-0.20000000,0.00000000,en,1.00000000,,11071615,L,34.68743000,-116.78467000,NORTH-AMERICA,United States,WNA
Dublin,Dublin,GPE,0.00000000,1.00000000,en,1.00000000,4013170-1,2964574,P,53.33306000,-6.24889000,EUROPE,Ireland,NEU
Six Noir,Six Noir,LOC,-0.16666667,0.33333333,en,1.00000000,,6932704,T,46.21472000,7.12316000,EUROPE,Switzerland,WCE
Vegas,Vegas,GPE,0.05214286,0.32214286,en,1.00000000,4034659-6,5506956,P,36.17497000,-115.13722000,NORTH-AMERICA,United States,WNA
Svalbard,Svalbard,LOC,0.00000000,0.00000000,en,1.00000000,4118926-7,2729907,P,78.22334000,15.64689000,ARCTIC,Svalbard and Jan Mayen,ARO
Hamburg,Hamburg,GPE,0.00000000,0.00000000,en,1.00000000,4239189-1,2911298,P,53.55073000,9.99302000,EUROPE,Germany,NEU
Madrid,Madrid,GPE,0.00000000,0.00000000,en,1.00000000,4036862-2,3117735,P,40.41650000,-3.70256000,EUROPE-AFRICA,Spain,MED
Paris,Paris,GPE,-0.16666667,0.16666667,en,1.00000000,4044660-8,2988507,P,48.85341000,2.34880000,EUROPE,France,WCE
Valais,Valais,GPE,0.03333333,0.16666667,en,1.00000000,4064466-2,2658205,A,46.22925000,7.45972000,EUROPE,Switzerland,WCE
Philadelphia,Philadelphia,GPE,0.10000000,0.40000000,en,1.00000000,4103331-0,4560349,P,39.95238000,-75.16362000,NORTH-AMERICA,United States,ENA
Ovronnaz,Ovronnaz,GPE,0.03333333,0.16666667,en,1.00000000,4611938-3,2659264,P,46.19897000,7.17360000,EUROPE,Switzerland,WCE
Bend,Bend,GPE,0.15357143,0.33214286,en,1.00000000,4118740-4,4926563,P,41.68338000,-86.25001000,NORTH-AMERICA,United States,ENA
Denmark,Denmark,GPE,0.25000000,0.75000000,en,1.00000000,4010877-6,2623032,A,56.00000000,10.00000000,EUROPE,Denmark,NEU
Nev,Nev,GPE,0.15357143,0.33214286,en,1.00000000,,7729898,L,-27.83908000,143.26172000,OCEANIA,Australia,CAU
Salt Lake City,Salt Lake City,GPE,-0.40000000,0.40000000,en,1.00000000,4118295-9,5780993,P,40.76078000,-111.89105000,NORTH-AMERICA,United States,WNA
Greenland,Greenland,GPE,0.25000000,0.75000000,en,1.00000000,4022113-1,3425505,A,72.00000000,-40.00000000,POLAR,Greenland,GIC
Bina,Bina,GPE,-0.20000000,0.00000000,en,1.00000000,,586968,P,40.45076000,50.08686000,ASIA,Azerbaijan,WCA
The City and Borough of Juneau,The City and Borough of Juneau,GPE,0.00000000,0.25000000,en,1.00000000,4198801-2,5554072,P,58.30194000,-134.41972000,NORTH-AMERICA,United States,NWN
Michigan,Michigan,GPE,0.13636364,0.45454545,en,1.00000000,4115139-2,5001836,A,44.25029000,-85.50033000,NORTH-AMERICA,United States,ENA
Dez Basin,Dez Basin,LOC,0.50000000,0.50000000,en,1.00000000,4728234-4,2978918,P,44.05469000,4.69976000,EUROPE-AFRICA,France,MED
Ortler,Ortler,LOC,0.00000000,0.00000000,en,1.00000000,4795224-6,3171890,T,46.50929000,10.54458000,EUROPE,Italy,WCE
avalanch,avalanch,LOC,0.00000000,0.00000000,en,1.00000000,,5244399,P,43.60219000,-90.78041000,NORTH-AMERICA,United States,CNA
Dolakha district,Dolakha district,LOC,-0.40000000,0.50000000,en,1.00000000,,0,,,,,,
Gaurishankar Rural,Gaurishankar Rural,GPE,-0.40000000,0.50000000,en,1.00000000,,0,,,,,,
Yalung Ri,Yalung Ri,GPE,-0.06666667,0.00000000,en,1.00000000,,0,,,,,,
Dolakha,Dolakha,LOC,-0.16250000,0.38750000,en,1.00000000,,12095469,A,27.82413000,86.22166000,ASIA,Nepal,TIB
Ita,Ita,LOC,0.00000000,0.00000000,en,1.00000000,,2109701,P,-8.76778000,160.69778000,PACIFIC,Solomon Islands,EPO
climbe,climbe,GPE,0.00000000,0.00000000,en,1.00000000,,0,,,,,,
the Gulf Coast,the Gulf Coast,LOC,0.26666667,0.80416667,en,1.00000000,,12212749,L,30.33140000,-89.73221000,NORTH-AMERICA,United States,ENA
Québec City,Québec City,GPE,0.14444444,0.47777778,en,1.00000000,4103473-9,6325494,P,46.81228000,-71.21454000,NORTH-AMERICA,Canada,ENA
Vineland,Vineland,GPE,0.10000000,0.60000000,en,1.00000000,4670813-3,4504621,P,39.48623000,-75.02573000,NORTH-AMERICA,United States,ENA
Pacific(APAC,Pacific(APAC,LOC,0.00000000,0.00000000,en,1.00000000,,6664494,P,-10.15859000,-77.47451000,SOUTH-AMERICA,Peru,NWS
JPYC,JPYC,GPE,0.00000000,0.00000000,en,1.00000000,,0,,,,,,
Stablecoin,Stablecoin,GPE,0.00000000,0.00000000,en,1.00000000,,0,,,,,,
Marble,Marble,GPE,0.00000000,0.25000000,en,1.00000000,,6637512,T,-77.43333000,163.83333000,POLAR,Antarctica,EAN
Mount Yalung,Mount Yalung,LOC,-0.50000000,0.50000000,en,1.00000000,,0,,,,,,
Rolwaling Valley,Rolwaling Valley,LOC,-0.20000000,0.05000000,en,1.00000000,,0,,,,,,
Nepals,Nepals,GPE,-0.15000000,0.20000000,en,1.00000000,,0,,,,,,
the Allt Backpack,the Allt Backpack,LOC,0.00000000,0.00000000,en,1.00000000,,0,,,,,,
Allt,Allt,LOC,0.00000000,0.00000000,en,1.00000000,,7298349,A,51.58866000,-3.01726000,EUROPE,United Kingdom,NEU
Girdwood,Girdwood,GPE,-0.30000000,0.60000000,en,1.00000000,4605278-1,5862837,P,60.94250000,-149.16639000,NORTH-AMERICA,United States,NWN
the Deep South,the Deep South,LOC,-0.04166667,0.32500000,en,1.00000000,,12217079,L,33.37000000,-85.94000000,NORTH-AMERICA,United States,ENA
Navarre,Navarre,GPE,0.40000000,0.75000000,en,1.00000000,4115835-0,3114472,P,42.81687000,-1.64323000,EUROPE-AFRICA,Spain,MED
East Coast,East Coast,LOC,-0.60000000,1.00000000,en,1.00000000,,12212303,L,37.02332000,-77.36954000,NORTH-AMERICA,United States,ENA
Belem,Belem,GPE,0.00000000,0.00000000,en,1.00000000,4208294-8,3405870,P,-1.45583000,-48.50444000,SOUTH-AMERICA,Brazil,NES
Brazil,Brazil,GPE,0.00000000,0.00000000,en,1.00000000,4008003-1,3469034,A,-10.00000000,-55.00000000,SOUTH-AMERICA,Brazil,SAM
Ont.,Ont.,GPE,0.19285714,0.29523810,en,1.00000000,4060459-7,6167865,P,43.70643000,-79.39864000,NORTH-AMERICA,Canada,ENA
turkey,turkey,GPE,0.60000000,1.00000000,en,1.00000000,4061163-2,298795,A,39.00000000,35.00000000,EUROPE-AFRICA,Turkey,MED
Green Bay,Green Bay,LOC,0.27500000,0.55000000,en,1.00000000,4692091-2,5254962,P,44.51916000,-88.01983000,NORTH-AMERICA,United States,ENA
Ukraine,Ukraine,GPE,0.00000000,0.00000000,en,1.00000000,4061496-7,690791,A,49.00000000,32.00000000,EUROPE,Ukraine,WCE
Kyiv,Kyiv,GPE,0.00000000,0.00000000,en,1.00000000,4030522-3,703448,P,50.45466000,30.52380000,EUROPE,Ukraine,WCE
china,china,GPE,0.41666667,0.50000000,en,1.00000000,4009937-4,1814991,A,35.00000000,105.00000000,ASIA,China,EAS
the Elk Mountains,the Elk Mountains,LOC,0.00000000,0.25000000,en,1.00000000,,5443638,T,38.74861000,-107.24922000,NORTH-AMERICA,United States,WNA
Treasury Mountain,Treasury Mountain,LOC,0.00000000,0.25000000,en,1.00000000,,5441949,T,39.01443000,-107.09949000,NORTH-AMERICA,United States,WNA
Snowmass,Snowmass,GPE,0.15000000,0.45000000,en,1.00000000,4438463-4,5439284,P,39.21304000,-106.93782000,NORTH-AMERICA,United States,WNA
AIRES,AIRES,GPE,0.00000000,0.00000000,en,1.00000000,4008756-6,3435910,P,-34.61315000,-58.37723000,SOUTH-AMERICA,Argentina,SES
Hebei,Hebei,GPE,-0.20000000,0.85000000,en,1.00000000,4025840-3,1808773,A,39.00000000,115.66667000,ASIA,China,EAS
New Zealand,New Zealand,GPE,0.13636364,0.45454545,en,1.00000000,4041915-0,2186224,A,-42.00000000,174.00000000,OCEANIA,New Zealand,NZ
the North Pole,the North Pole,LOC,0.00000000,0.00000000,en,1.00000000,7605041-5,5870294,P,64.75111000,-147.34944000,NORTH-AMERICA,United States,NWN
Everest,Everest,LOC,0.04722222,0.31111111,en,1.00000000,,1283416,T,27.98791000,86.92529000,ASIA,China,TIB
North Face of Mount Everest,North Face of Mount Everest,LOC,-0.24166667,0.63333333,en,1.00000000,,0,,,,,,
Mount Eve…,Mount Eve…,GPE,0.00000000,0.00000000,en,1.00000000,,0,,,,,,
Mount Everest,Mount Everest,LOC,0.00000000,0.00000000,en,1.00000000,4040417-1,1283416,T,27.98791000,86.92529000,ASIA,China,TIB
North America's,North America's,LOC,0.80000000,0.75000000,en,1.00000000,4518159-7,3576022,P,17.12096000,-61.84329000,CENTRAL-AMERICA,Antigua and Barbuda,CAR
Great Lakes,Great Lakes,LOC,0.80000000,0.75000000,en,1.00000000,4022167-2,12212304,L,44.57143000,-84.69022000,NORTH-AMERICA,United States,ENA
NEW YORK,NEW YORK,GPE,0.12424242,0.43636364,en,1.00000000,4042011-5,5128581,P,40.71427000,-74.00597000,NORTH-AMERICA,United States,ENA
New Yorks,New Yorks,GPE,0.12424242,0.43636364,en,1.00000000,,4983664,L,43.18370000,-70.61116000,NORTH-AMERICA,United States,ENA
Kanchenjunga river,Kanchenjunga river,LOC,0.00000000,0.00000000,en,1.00000000,,0,,,,,,
Chamoli district,Chamoli district,LOC,0.06666667,0.40000000,en,1.00000000,,1261991,T,30.37584000,79.97077000,ASIA,India,TIB
the Kanchenjunga river,the Kanchenjunga river,LOC,0.06666667,0.40000000,en,1.00000000,,0,,,,,,
Ellis Park,Ellis Park,GPE,0.37500000,0.41666667,en,1.00000000,,7280911,S,-26.19748000,28.06073000,AFRICA,South Africa,ESAF
Atlantic,Atlantic,LOC,0.11212121,0.21818182,en,1.00000000,,12110846,L,40.58629000,-76.28807000,NORTH-AMERICA,United States,ENA
Johannesburg,Johannesburg,GPE,0.37500000,0.41666667,en,1.00000000,4028698-8,993800,P,-26.20227000,28.04363000,AFRICA,South Africa,ESAF
Tallaght Stadium,Tallaght Stadium,GPE,0.25000000,0.75000000,en,1.00000000,,7646084,S,53.28353000,-6.37370000,EUROPE,Ireland,NEU
PANAMA CITY,PANAMA CITY,GPE,0.00000000,0.08333333,en,1.00000000,4262523-3,3703443,P,8.99360000,-79.51973000,CENTRAL-AMERICA,Panama,SCA
Budapest Summit,Budapest Summit,GPE,0.25000000,0.37500000,en,1.00000000,,0,,,,,,
Louvre,Louvre,LOC,0.00000000,0.00000000,en,1.00000000,,2997319,S,48.86102000,2.33587000,EUROPE,France,WCE
Milei,Milei,GPE,-0.06250000,0.31250000,en,1.00000000,,186672,T,-0.47923000,38.17793000,AFRICA,Kenya,SEAF
Quartzsite,Quartzsite,GPE,0.12500000,0.45000000,en,1.00000000,,5310183,P,33.66391000,-114.22995000,CENTRAL-AMERICA,United States,NCA
South Korea,South Korea,GPE,0.41212121,0.25151515,en,1.00000000,4078029-6,1835841,A,36.50000000,127.75000000,ASIA,South Korea,EAS
Niseko United,Niseko United,GPE,0.35714286,0.84285714,en,1.00000000,,0,,,,,,
Arai Mountain Resort,Arai Mountain Resort,LOC,0.35714286,0.84285714,en,1.00000000,,0,,,,,,
Mt,Mt,GPE,0.35714286,0.84285714,en,1.00000000,4015701-5,6255148,L,48.69096000,9.14062000,EUROPE,Germany,WCE
Winter Backpacking Packs,Winter Backpacking Packs,GPE,0.10937500,0.32548077,en,1.00000000,,0,,,,,,
Sparta,Sparta,GPE,0.00000000,0.00000000,en,1.00000000,4056054-5,4409615,P,37.00116000,-93.08157000,NORTH-AMERICA,United States,CNA
Prague,Prague,GPE,0.00000000,0.00000000,en,1.00000000,4076310-9,3067696,P,50.08804000,14.42076000,EUROPE,Czechia,WCE
Gabelhorn,Gabelhorn,LOC,0.00000000,0.05000000,en,1.00000000,,6697734,T,46.03855000,7.66805000,EUROPE,Switzerland,WCE
Northern,Northern,LOC,0.00000000,0.00000000,en,1.00000000,,7729890,L,54.77535000,-105.64453000,NORTH-AMERICA,Canada,NWN
NASHVILLE,NASHVILLE,GPE,0.25000000,1.00000000,en,1.00000000,4102368-7,4644585,P,36.16589000,-86.78444000,NORTH-AMERICA,United States,ENA
Wrightwood,Wrightwood,GPE,-0.25000000,0.37500000,en,1.00000000,,5410682,P,34.36083000,-117.63339000,NORTH-AMERICA,United States,WNA
Zhangjiakou,Zhangjiakou,GPE,-0.20000000,0.85000000,en,1.00000000,5030818-X,2033196,P,40.78341000,114.87139000,ASIA,China,EAS
Nashville,Nashville,GPE,0.00000000,0.00000000,en,1.00000000,4102368-7,4644585,P,36.16589000,-86.78444000,NORTH-AMERICA,United States,ENA
Snapscope,Snapscope,GPE,0.50000000,0.50000000,en,1.00000000,,0,,,,,,
Alberta,Alberta,GPE,0.00000000,0.05000000,en,1.00000000,4085122-9,5913490,P,51.05011000,-114.08529000,NORTH-AMERICA,Canada,NWN
petro,petro,GPE,0.00000000,0.05000000,en,1.00000000,,3373505,P,13.25072000,-59.64396000,CENTRAL-AMERICA,Barbados,CAR
Icelandic,Icelandic,LOC,0.00000000,0.00000000,en,1.00000000,,3163614,U,60.25000000,-7.50000000,EUROPE,,NEU
the Winnipeg Jets,the Winnipeg Jets,LOC,0.80000000,0.40000000,en,1.00000000,,0,,,,,,
Winnipeg Jets,Winnipeg Jets,GPE,0.50000000,0.50000000,en,1.00000000,,0,,,,,,
Dallas,Dallas,GPE,0.50000000,0.50000000,en,1.00000000,4085382-2,4684888,P,32.78306000,-96.80667000,NORTH-AMERICA,United States,CNA
Baylor,Baylor,GPE,-0.07500000,0.44166667,en,1.00000000,,4672691,A,33.61649000,-99.21351000,NORTH-AMERICA,United States,CNA
Coast,Coast,LOC,-0.20000000,0.65000000,en,1.00000000,,12212303,L,37.02332000,-77.36954000,NORTH-AMERICA,United States,ENA
Trenton,Trenton,GPE,-0.05000000,0.20000000,en,1.00000000,4120075-5,5105496,P,40.21705000,-74.74294000,NORTH-AMERICA,United States,ENA
N.J.,N.J.,GPE,-0.05000000,0.20000000,en,1.00000000,,4503800,S,39.92707000,-74.29304000,NORTH-AMERICA,United States,ENA
Edmonton,Edmonton,GPE,0.40000000,0.80000000,en,1.00000000,4085533-8,5946768,P,53.55014000,-113.46871000,NORTH-AMERICA,Canada,NWN
San Bernardino Coun,San Bernardino Coun,GPE,-0.25000000,0.37500000,en,1.00000000,,0,,,,,,
Fraser Valley,Fraser Valley,LOC,0.02000000,0.12000000,en,1.00000000,4671933-7,5881791,P,49.05798000,-122.25257000,NORTH-AMERICA,Canada,WNA
Israel,Israel,GPE,-0.07954545,0.35984848,en,1.00000000,4027808-6,294640,A,31.50000000,34.75000000,EUROPE-AFRICA,Israel,MED
Algeria,Algeria,GPE,0.00000000,0.00000000,en,1.00000000,4001179-3,2589581,A,28.00000000,3.00000000,AFRICA,Algeria,SAH
colonizat,colonizat,GPE,0.00000000,0.00000000,en,1.00000000,,0,,,,,,
Jasper,Jasper,GPE,0.00000000,0.00000000,en,1.00000000,,4392768,P,37.08423000,-94.51328000,NORTH-AMERICA,United States,CNA
Alta.,Alta.,GPE,0.00000000,0.00000000,en,1.00000000,,3598119,P,15.47025000,-90.37455000,CENTRAL-AMERICA,Guatemala,SCA
CALIFORNIA,CALIFORNIA,GPE,0.00000000,0.00000000,en,1.00000000,,11071615,L,34.68743000,-116.78467000,NORTH-AMERICA,United States,WNA
Altadena,Altadena,GPE,0.00000000,0.00000000,en,1.00000000,,5323525,P,34.18973000,-118.13118000,NORTH-AMERICA,United States,WNA
Anadolu,Anadolu,GPE,0.00000000,0.00000000,en,1.00000000,,10922506,L,38.10898000,41.32862000,ASIA,Turkey,WCA
Los Angeles,Los Angeles,GPE,0.00000000,0.70000000,en,1.00000000,4036361-2,5368361,P,34.05223000,-118.24368000,NORTH-AMERICA,United States,WNA
the San Francisco Bay Area,the San Francisco Bay Area,LOC,0.10000000,0.40000000,en,1.00000000,4051520-5,5391959,P,37.77493000,-122.41942000,NORTH-AMERICA,United States,WNA
NJ,NJ,GPE,-0.10000000,0.40000000,en,1.00000000,,12213808,L,40.77331000,-73.87989000,NORTH-AMERICA,United States,ENA
the Vardousia Mountains inFokida,the Vardousia Mountains inFokida,LOC,-0.03181818,0.25227273,en,1.00000000,,0,,,,,,
Vardousia Mountains,Vardousia Mountains,LOC,-0.13333333,0.23333333,en,1.00000000,,252276,T,38.64171000,22.13944000,EUROPE-AFRICA,Greece,MED
the Sea to Sky region,the Sea to Sky region,LOC,0.21818182,0.47727273,en,1.00000000,,0,,,,,,
Queensland,Queensland,GPE,0.28750000,0.47500000,en,1.00000000,4103475-2,11523972,L,-16.56884000,142.48460000,OCEANIA,Australia,NAU
British Columbia,British Columbia,GPE,0.02000000,0.12000000,en,1.00000000,4119364-7,6173331,P,49.24966000,-123.11934000,NORTH-AMERICA,Canada,WNA
New Zealand's,New Zealand's,GPE,0.13636364,0.45454545,en,1.00000000,,2190224,P,-39.63810000,176.84918000,OCEANIA,New Zealand,NZ
New York City Facing Snowy Commute,New York City Facing Snowy Commute,GPE,0.11818182,0.37727273,en,1.00000000,,0,,,,,,
New Zealand 's,New Zealand 's,GPE,0.06818182,0.28977273,en,1.00000000,,2161314,P,-29.05459000,167.96628000,PACIFIC,Norfolk Island,SPO
Indigenous Sámi,Indigenous Sámi,LOC,0.00000000,0.00000000,en,1.00000000,,0,,,,,,
the Finnmark Plateau,the Finnmark Plateau,LOC,0.40000000,0.40000000,en,1.00000000,,0,,,,,,
Sápmi,Sápmi,GPE,0.36818182,0.67727273,en,1.00000000,,0,,,,,,
Northern Norway,Northern Norway,LOC,0.36818182,0.67727273,en,1.00000000,4042640-3,3144096,A,62.00000000,10.00000000,EUROPE,Norway,NEU
Southern Europe,Southern Europe,LOC,0.00000000,0.06250000,en,1.00000000,,9408658,L,41.34382000,-3.33984000,EUROPE-AFRICA,Spain,MED
New Jersey Devils,New Jersey Devils,GPE,0.06818182,0.27727273,en,1.00000000,,5097243,H,40.33014000,-74.62311000,NORTH-AMERICA,United States,ENA
Turkey,Turkey,GPE,0.04814815,0.39629630,en,1.00000000,4061163-2,298795,A,39.00000000,35.00000000,EUROPE-AFRICA,Turkey,MED
Minnesota Wild,Minnesota Wild,LOC,0.05000000,0.45000000,en,1.00000000,,5052816,A,47.28234000,-96.25817000,NORTH-AMERICA,United States,CNA
PAUL,PAUL,GPE,0.30000000,0.57500000,en,1.00000000,,3575170,P,17.40605000,-62.83562000,CENTRAL-AMERICA,St Kitts and Nevis,CAR
Minn.,Minn.,GPE,0.30000000,0.57500000,en,1.00000000,,4640874,S,35.39853000,-84.56008000,NORTH-AMERICA,United States,ENA
the South Atlantic,the South Atlantic,LOC,0.40000000,0.40000000,en,1.00000000,,12110877,L,33.91855000,-81.28668000,NORTH-AMERICA,United States,ENA
the Atlantic Ocean,the Atlantic Ocean,LOC,0.17777778,0.56666667,en,1.00000000,,4504476,P,39.95373000,-74.19792000,NORTH-AMERICA,United States,ENA
B.C,B.C,GPE,-0.26250000,0.48750000,en,1.00000000,,7315164,P,32.71904000,-114.66005000,CENTRAL-AMERICA,United States,NCA
Midwest,Midwest,LOC,-0.05454545,0.68484848,en,1.00000000,4074909-5,12212748,L,43.61327000,-88.28917000,NORTH-AMERICA,United States,ENA
the Nooksack River,the Nooksack River,LOC,0.00000000,0.56666667,en,1.00000000,,5804868,H,48.77483000,-122.59906000,NORTH-AMERICA,United States,WNA
beginni,beginni,GPE,0.16742424,0.39280303,en,1.00000000,,0,,,,,,
Albania,Albania,GPE,0.10000000,0.40000000,en,1.00000000,4001028-4,783754,A,41.00000000,20.00000000,EUROPE-AFRICA,Albania,MED
Accursed Mountains,Accursed Mountains,LOC,0.10000000,0.40000000,en,1.00000000,,0,,,,,,
the Accursed Mountains,the Accursed Mountains,LOC,0.00000000,0.00000000,en,1.00000000,,0,,,,,,
Kosovo,Kosovo,GPE,0.00000000,0.00000000,en,1.00000000,4032571-4,831053,A,42.58333000,20.91667000,EUROPE-AFRICA,Kosovo,MED
Montenegro,Montenegro,GPE,0.00000000,0.00000000,en,1.00000000,4040163-7,3194884,A,42.75000000,19.25000000,EUROPE-AFRICA,Montenegro,MED
Americas,Americas,LOC,0.30000000,0.10000000,en,1.00000000,,3496393,L,21.00000000,-86.00000000,CENTRAL-AMERICA,,SCA
N.Y.,N.Y.,GPE,0.00000000,0.00000000,en,1.00000000,4044569-0,2088628,A,-6.00000000,147.00000000,ASIA,Papua New Guinea,SEA
Park,Park,GPE,-0.35000000,0.65000000,en,1.00000000,4398110-0,4178560,P,28.60000000,-81.33924000,NORTH-AMERICA,United States,ENA
Colorados Park,Colorados Park,LOC,-0.35000000,0.65000000,en,1.00000000,,0,,,,,,
Salahuddin,Salahuddin,GPE,0.25000000,0.25000000,en,1.00000000,,12388169,A,0.79250000,127.37694000,ASIA,Indonesia,SEA
Chetwynd,Chetwynd,GPE,-0.10000000,0.10000000,en,1.00000000,,6631102,T,-76.33333000,162.03333000,POLAR,Antarctica,EAN
West Pine,West Pine,LOC,-0.10000000,0.10000000,en,1.00000000,,5514990,A,39.44216000,-114.90159000,NORTH-AMERICA,United States,WNA
the Fraser Valley,the Fraser Valley,LOC,0.00000000,0.56666667,en,1.00000000,,6164463,T,49.51639000,-121.61926000,NORTH-AMERICA,Canada,WNA
Banff,Banff,GPE,0.00000000,0.00000000,en,1.00000000,4124604-4,5892532,P,51.17622000,-115.56982000,NORTH-AMERICA,Canada,NWN
